{
    "omega": [
        1000.0,
        1250.0,
        1500.0,
        1750.0,
        2000.0,
        2250.0,
        2500.0,
        2750.0,
        3000.0,
        3250.0,
        3500.0,
        3750.0,
        4000.0,
        4250.0,
        4500.0,
        4750.0,
        5000.0,
        5250.0,
        5500.0,
        5750.0,
        6000.0
    ],
    "torque": [
        10.0,
        20.0,
        30.0,
        40.0,
        50.0,
        60.0,
        70.0,
        80.0,
        90.0,
        100.0,
        110.0,
        120.0,
        130.0,
        140.0,
        150.0,
        160.0,
        170.0,
        180.0,
        190.0,
        200.0,
        210.0,
        220.0,
        230.0,
        240.0,
        250.0
    ],
    "bsfc": [
        [
            526.004598956895,
            515.942098956895,
            507.129598956895,
            499.567098956895,
            493.254598956895,
            488.192098956895,
            484.379598956895,
            481.817098956895,
            480.504598956895,
            480.442098956895,
            481.629598956895,
            484.067098956895,
            487.754598956895,
            492.692098956895,
            498.879598956895,
            506.317098956895,
            515.004598956895,
            524.942098956895,
            536.129598956895,
            548.567098956895,
            562.254598956895
        ],
        [
            469.2819161757164,
            459.4069161757164,
            450.7819161757164,
            443.4069161757164,
            437.2819161757164,
            432.4069161757164,
            428.7819161757164,
            426.4069161757164,
            425.2819161757164,
            425.4069161757164,
            426.7819161757164,
            429.4069161757164,
            433.2819161757164,
            438.4069161757164,
            444.7819161757164,
            452.4069161757164,
            461.2819161757164,
            471.4069161757164,
            482.7819161757164,
            495.4069161757164,
            509.2819161757164
        ],
        [
            427.84452402226447,
            418.15702402226447,
            409.71952402226447,
            402.53202402226447,
            396.59452402226447,
            391.90702402226447,
            388.46952402226447,
            386.28202402226447,
            385.34452402226447,
            385.65702402226447,
            387.21952402226447,
            390.03202402226447,
            394.09452402226447,
            399.40702402226447,
            405.96952402226447,
            413.78202402226447,
            422.84452402226447,
            433.15702402226447,
            444.71952402226447,
            457.53202402226447,
            471.59452402226447
        ],
        [
            396.1502924854919,
            386.6502924854919,
            378.4002924854919,
            371.4002924854919,
            365.6502924854919,
            361.1502924854919,
            357.9002924854919,
            355.9002924854919,
            355.1502924854919,
            355.6502924854919,
            357.4002924854919,
            360.4002924854919,
            364.6502924854919,
            370.1502924854919,
            376.9002924854919,
            384.9002924854919,
            394.1502924854919,
            404.6502924854919,
            416.4002924854919,
            429.4002924854919,
            443.6502924854919
        ],
        [
            370.8377497935848,
            361.5252497935848,
            353.4627497935848,
            346.6502497935848,
            341.0877497935848,
            336.7752497935848,
            333.7127497935848,
            331.9002497935848,
            331.3377497935848,
            332.0252497935848,
            333.9627497935848,
            337.1502497935848,
            341.5877497935848,
            347.2752497935848,
            354.2127497935848,
            362.4002497935848,
            371.8377497935848,
            382.5252497935848,
            394.4627497935848,
            407.6502497935848,
            422.0877497935848
        ],
        [
            349.86806025517956,
            340.74306025517956,
            332.86806025517956,
            326.24306025517956,
            320.86806025517956,
            316.74306025517956,
            313.86806025517956,
            312.24306025517956,
            311.86806025517956,
            312.74306025517956,
            314.86806025517956,
            318.24306025517956,
            322.86806025517956,
            328.74306025517956,
            335.86806025517956,
            344.24306025517956,
            353.86806025517956,
            364.74306025517956,
            376.86806025517956,
            390.24306025517956,
            404.86806025517956
        ],
        [
            332.0046075133478,
            323.0671075133478,
            315.3796075133478,
            308.9421075133478,
            303.7546075133478,
            299.8171075133478,
            297.1296075133478,
            295.6921075133478,
            295.5046075133478,
            296.5671075133478,
            298.8796075133478,
            302.4421075133478,
            307.2546075133478,
            313.3171075133478,
            320.6296075133478,
            329.1921075133478,
            339.0046075133478,
            350.0671075133478,
            362.3796075133478,
            375.9421075133478,
            390.7546075133478
        ],
        [
            316.49734583331013,
            307.74734583331013,
            300.24734583331013,
            293.99734583331013,
            288.99734583331013,
            285.24734583331013,
            282.74734583331013,
            281.49734583331013,
            281.49734583331013,
            282.74734583331013,
            285.24734583331013,
            288.99734583331013,
            293.99734583331013,
            300.24734583331013,
            307.74734583331013,
            316.49734583331013,
            326.49734583331013,
            337.74734583331013,
            350.24734583331013,
            363.99734583331013,
            378.99734583331013
        ],
        [
            302.8913494807364,
            294.3288494807364,
            287.0163494807364,
            280.9538494807364,
            276.1413494807364,
            272.5788494807364,
            270.2663494807364,
            269.2038494807364,
            269.3913494807364,
            270.8288494807364,
            273.5163494807364,
            277.4538494807364,
            282.6413494807364,
            289.0788494807364,
            296.7663494807364,
            305.7038494807364,
            315.8913494807364,
            327.3288494807364,
            340.0163494807364,
            353.9538494807364,
            369.1413494807364
        ],
        [
            290.9106920498628,
            282.5356920498628,
            275.4106920498628,
            269.5356920498628,
            264.9106920498628,
            261.5356920498628,
            259.4106920498628,
            258.5356920498628,
            258.9106920498628,
            260.5356920498628,
            263.4106920498628,
            267.5356920498628,
            272.9106920498628,
            279.5356920498628,
            287.4106920498628,
            296.5356920498628,
            306.9106920498628,
            318.5356920498628,
            331.4106920498628,
            345.5356920498628,
            360.9106920498628
        ],
        [
            280.3880157157696,
            272.2005157157696,
            265.2630157157696,
            259.5755157157696,
            255.13801571576963,
            251.95051571576963,
            250.01301571576963,
            249.32551571576963,
            249.88801571576963,
            251.70051571576963,
            254.7630157157696,
            259.0755157157696,
            264.6380157157696,
            271.4505157157696,
            279.5130157157696,
