{
    "SOC": [
        0.0,
        0.02,
        0.04,
        0.06,
        0.08,
        0.1,
        0.12,
        0.14,
        0.16,
        0.18,
        0.2,
        0.22,
        0.24,
        0.26,
        0.28,
        0.3,
        0.32,
        0.34,
        0.36,
        0.38,
        0.4,
        0.42,
        0.44,
        0.46,
        0.48,
        0.5,
        0.52,
        0.54,
        0.56,
        0.58,
        0.6,
        0.62,
        0.64,
        0.66,
        0.68,
        0.7,
        0.72,
        0.74,
        0.76,
        0.78,
        0.8,
        0.82,
        0.84,
        0.86,
        0.88,
        0.9,
        0.92,
        0.94,
        0.96,
        0.98,
        1.0
    ],
    "r0": [
        0.15000002447218566,
        0.11703203763755927,
        0.0949329410029517,
        0.08011948138308415,
        0.07018973304998322,
        0.06353363800038818,
        0.059071943377037056,
        0.05608120610654787,
        0.05407649015905536,
        0.052732736384286306,
        0.05183205542586169,
        0.05122839749583971,
        0.05082387034368941,
        0.050552865427981666,
        0.050371418331921186,
        0.050250078133614616,
        0.05016912935281213,
        0.05011539148934898,
        0.05008007687975694,
        0.05005735908186232,
        0.05004341904711719,
        0.0500358135972969,
        0.05003306269344386,
        0.05003438707123002,
        0.05003955167196747,
        0.05004878674258808,
        0.05006277011297098,
        0.05008266278466501,
        0.0501101968626104,
        0.05014782099093594,
        0.05019891459536865,
        0.050268089095468454,
        0.05036160255266622,
        0.05048792478536101,
        0.0506585038134296,
        0.0508888028759313,
        0.051199701884675146,
        0.051619390278658146,
        0.05218592284094713,
        0.0529506701803745,
        0.05398297672294659,
        0.055376448562638333,
        0.05725744131968435,
        0.05979651764973288,
        0.06322391332977292,
        0.06785041433487238,
        0.07409553797387225,
        0.082525573463575,
        0.09390493134624027,
        0.1092654579620254,
        0.13000000020611535
    ]
}