{
    "SOC": [
        0.0,
        0.02,
        0.04,
        0.06,
        0.08,
        0.1,
        0.12,
        0.14,
        0.16,
        0.18,
        0.2,
        0.22,
        0.24,
        0.26,
        0.28,
        0.3,
        0.32,
        0.34,
        0.36,
        0.38,
        0.4,
        0.42,
        0.44,
        0.46,
        0.48,
        0.5,
        0.52,
        0.54,
        0.56,
        0.58,
        0.6,
        0.62,
        0.64,
        0.66,
        0.68,
        0.7,
        0.72,
        0.74,
        0.76,
        0.78,
        0.8,
        0.82,
        0.84,
        0.86,
        0.88,
        0.9,
        0.92,
        0.94,
        0.96,
        0.98,
        1.0
    ],
    "voc": [
        3.2999999847048844,
        3.2765730453250166,
        3.2684679162476264,
        3.2695929783949285,
        3.2762534775420877,
        3.286208431314436,
        3.2980986143067264,
        3.311099613439716,
        3.324711395288112,
        3.3386306720666012,
        3.352673487489291,
        3.366728262452889,
        3.380727315443425,
        3.394629588303107,
        3.408410168221385,
        3.4220539316145477,
        3.4355516877468566,
        3.448897838102799,
        3.462088954543584,
        3.4751229139714157,
        3.4879983695027725,
        3.5007144243543857,
        3.5132704268038704,
        3.5256658360524558,
        3.5379001276722866,
        3.54997271844681,
        3.5618828967425222,
        3.5736297478244565,
        3.585212064750994,
        3.596628235195915,
        3.607876092981399,
        3.61895272028104,
        3.6298541822063872,
        3.6405751694973274,
        3.651108516787487,
        3.6614445526840873,
        3.671570222681974,
        3.681467905351455,
        3.6911138144379154,
        3.700475841969765,
        3.7095106467877224,
        3.718159724488028,
        3.7263441024113555,
        3.733957178633342,
        3.740855055616816,
        3.7468434920094977,
        3.751660289414652,
        3.7549515170191943,
        3.756239418199074,
        3.754879088968204,
        3.7500000000013887
    ]
}